Designator,Val,Package,Mid X,Mid Y,Rotation,Layer
C0,0.1uF,C_0603_1608Metric,86,20,180,top
C1,0.1uF,C_0603_1608Metric,99,20,180,top
C2,0.1uF,C_0603_1608Metric,115,20,180,top
C3,0.1uF,C_0603_1608Metric,128,20,0,top
C4,0.1uF,C_0603_1608Metric,141,20,180,top
C5,0.1uF,C_0603_1608Metric,64,81,180,top
C6,0.1uF,C_0603_1608Metric,54,81,90,top
C7,22pF,C_0603_1608Metric,77,50,270,top
C8,22pF,C_0603_1608Metric,67,50,90,top
C9,0.1uF,C_0603_1608Metric,64,78,180,top
C10,0.1uF,C_0603_1608Metric,64,54,270,top
C11,22pF,C_0603_1608Metric,51,81,270,top
C12,0.1uF,C_0603_1608Metric,25,12,180,top
C13,22pF,C_0603_1608Metric,45,81,90,top
C14,0.1uF,C_0603_1608Metric,59,70,90,top
D0,LED,LED_0603_1608Metric,79,24,0,top
D1,LED,LED_0603_1608Metric,72,24,0,top
D2,LED,LED_0603_1608Metric,65,24,0,top
D3,LED,LED_0603_1608Metric,58,24,0,top
D4,LED,LED_0603_1608Metric,51,24,0,top
D5,LED,LED_0603_1608Metric,44,24,0,top
D6,LED,LED_0603_1608Metric,37,24,0,top
D7,LED,LED_0603_1608Metric,30,24,0,top
FB1,80Ohm,FerriteBead,58,81,0,top
FB3,80Ohm,FerriteBead,20,16,180,top
FB4,80Ohm,FerriteBead,58,78,0,top
FB5,80Ohm,FerriteBead,64,48,90,top
LED0,LED,LED_3528,162,25,0,top
LED1,LED,LED_3528,152,25,0,top
LED2,LED,LED_3528,142,25,0,top
LED3,LED,LED_3528,132,25,0,top
LED4,LED,LED_3528,122,25,0,top
LED5,LED,LED_3528,112,25,0,top
LED6,LED,LED_3528,102,25,0,top
LED7,LED,LED_3528,92,25,0,top
Q0,BC847,SO65P210X100-3N,159,29,90,top
Q1,BC847,SO65P210X100-3N,149,29,90,top
Q2,BC847,SO65P210X100-3N,139,29,90,top
Q3,BC847,SO65P210X100-3N,129,29,90,top
Q4,BC847,SO65P210X100-3N,119,29,90,top
Q5,BC847,SO65P210X100-3N,109,29,90,top
Q6,BC847,SO65P210X100-3N,99,29,90,top
Q7,BC847,SO65P210X100-3N,89,29,90,top
Q8,BC847,SO65P210X100-3N,79,21,270,top
Q9,BC847,SO65P210X100-3N,72,21,270,top
Q10,BC847,SO65P210X100-3N,65,21,270,top
Q11,BC847,SO65P210X100-3N,58,21,270,top
Q12,BC847,SO65P210X100-3N,51,21,270,top
Q13,BC847,SO65P210X100-3N,44,21,270,top
Q14,BC847,SO65P210X100-3N,37,21,270,top
Q15,BC847,SO65P210X100-3N,30,21,270,top
R0,22,R_0603_1608Metric,20,12,180,top
R1,1M,R_0603_1608Metric,72,54,180,top
R2,22,R_0603_1608Metric,20,20,180,top
R3,22,R_0603_1608Metric,20,24,180,top
R4,15k,R_0603_1608Metric,163,30,0,top
R5,2.49k,R_0603_1608Metric,163,32,180,top
R6,2.49k,R_0603_1608Metric,163,28,180,top
R7,15k,R_0603_1608Metric,153,30,0,top
R8,2.49k,R_0603_1608Metric,153,32,180,top
R9,2.49k,R_0603_1608Metric,153,28,180,top
R10,15k,R_0603_1608Metric,143,30,0,top
R11,2.49k,R_0603_1608Metric,143,32,180,top
R12,2.49k,R_0603_1608Metric,143,28,180,top
R13,15k,R_0603_1608Metric,133,30,0,top
R14,2.49k,R_0603_1608Metric,133,32,180,top
R15,2.49k,R_0603_1608Metric,133,28,180,top
R16,15k,R_0603_1608Metric,123,30,0,top
R17,2.49k,R_0603_1608Metric,123,32,180,top
R18,2.49k,R_0603_1608Metric,123,28,180,top
R19,15k,R_0603_1608Metric,113,30,0,top
R20,2.49k,R_0603_1608Metric,113,32,180,top
R21,2.49k,R_0603_1608Metric,113,28,180,top
R22,15k,R_0603_1608Metric,103,30,0,top
R23,2.49k,R_0603_1608Metric,103,32,180,top
R24,2.49k,R_0603_1608Metric,103,28,180,top
R25,15k,R_0603_1608Metric,93,30,0,top
R26,2.49k,R_0603_1608Metric,93,32,180,top
R27,2.49k,R_0603_1608Metric,93,28,180,top
R28,27k,R_0603_1608Metric,79,30,0,top
R29,4.7k,R_0603_1608Metric,79,33,180,top
R30,1.8k,R_0603_1608Metric,79,27,0,top
R31,27k,R_0603_1608Metric,72,30,0,top
R32,4.7k,R_0603_1608Metric,72,33,180,top
R33,1.8k,R_0603_1608Metric,72,27,0,top
R34,27k,R_0603_1608Metric,65,30,0,top
R35,4.7k,R_0603_1608Metric,65,33,180,top
R36,1.8k,R_0603_1608Metric,65,27,0,top
R37,27k,R_0603_1608Metric,58,30,0,top
R38,4.7k,R_0603_1608Metric,58,33,180,top
R39,1.8k,R_0603_1608Metric,58,27,0,top
R40,27k,R_0603_1608Metric,51,30,0,top
R41,4.7k,R_0603_1608Metric,51,33,180,top
R42,1.8k,R_0603_1608Metric,51,27,0,top
R43,27k,R_0603_1608Metric,44,30,0,top
R44,4.7k,R_0603_1608Metric,44,33,180,top
R45,1.8k,R_0603_1608Metric,44,27,0,top
R46,27k,R_0603_1608Metric,37,30,0,top
R47,4.7k,R_0603_1608Metric,37,33,180,top
R48,1.8k,R_0603_1608Metric,37,27,0,top
R49,27k,R_0603_1608Metric,30,30,0,top
R50,4.7k,R_0603_1608Metric,30,33,180,top
R51,1.8k,R_0603_1608Metric,30,27,0,top
R52,10k,R_0603_1608Metric,92,20,0,top
R53,10k,R_0603_1608Metric,105,20,0,top
R54,10k,R_0603_1608Metric,121,20,0,top
R55,10k,R_0603_1608Metric,134,20,0,top
R56,10k,R_0603_1608Metric,147,20,0,top
R58,220,R_0603_1608Metric,77,87,0,top
R59,10k,R_0603_1608Metric,25,24,0,top
R60,330,R_0603_1608Metric,156,76.5,0,top
R61,330,R_0603_1608Metric,152.75,77.5,0,top
R62,330,R_0603_1608Metric,152.75,71.5,0,top
R63,330,R_0603_1608Metric,156,72.5,0,top
R64,330,R_0603_1608Metric,152.75,73.5,0,top
R65,330,R_0603_1608Metric,152.75,75.5,0,top
R66,330,R_0603_1608Metric,156,74.5,0,top
R67,330,R_0603_1608Metric,117,75.5,180,top
R68,330,R_0603_1608Metric,120.25,74.5,180,top
R69,330,R_0603_1608Metric,117,73.5,180,top
R70,330,R_0603_1608Metric,120.25,72.5,180,top
R71,330,R_0603_1608Metric,117,71.5,180,top
R72,330,R_0603_1608Metric,120.25,76.5,180,top
R73,330,R_0603_1608Metric,117,77.5,180,top
R74,47k,R_0603_1608Metric,132,115,180,top
R75,47k,R_0603_1608Metric,132,113,180,top
R76,47k,R_0603_1608Metric,132,111,180,top
R77,47k,R_0603_1608Metric,132,109,180,top
R78,47k,R_0603_1608Metric,106,109,0,top
R79,47k,R_0603_1608Metric,106,111,0,top
R80,47k,R_0603_1608Metric,106,113,0,top
R81,47k,R_0603_1608Metric,106,115,0,top
R82,10k,R_0603_1608Metric,156,109,0,top
R83,10k,R_0603_1608Metric,156,111,0,top
R84,10k,R_0603_1608Metric,156,113,0,top
R85,10k,R_0603_1608Metric,156,115,0,top
R86,10k,R_0603_1608Metric,152,115,180,top
R87,10k,R_0603_1608Metric,152,113,180,top
R88,10k,R_0603_1608Metric,152,111,180,top
R89,10k,R_0603_1608Metric,152,109,180,top
TD0,SMF05C.TCT,SC70-6,25,18,270,top
U4,74LS04,SOIC-14_3.9x8.7mm_P1.27mm,95,95,90,top
U6,CH340G,SOIC-16_3.9x9.9mm_P1.27mm,53,72.5,180,top
U8,74HC165,SOIC-16_3.9x9.9mm_P1.27mm,119,95,270,top
U9,74HC595,SOIC-16_3.9x9.9mm_P1.27mm,119,41,270,top
U10,74HC165,SOIC-16_3.9x9.9mm_P1.27mm,154,95,270,top
U11,74HC595,SOIC-16_3.9x9.9mm_P1.27mm,154,41,270,top
U12,ATmega64A-AU,TQFP-64_14x14mm_P0.8mm,72,68,270,top
Y0,16MHz,Crystal_SMD_Abracon_ABM3B-4Pin_5.0x3.2mm,72,50,180,top
Y1,12MHz,Crystal_SMD_Abracon_ABM8G-4Pin_3.2x2.5mm,48,81,180,top
